,Name,Price,Retailer,Stars,Description
0,Apple iPhone 6s - 32 GB - Space Gray - Unlocked - CDMA/GSM,50.00 US$,from 5+ stores,4.5 out of 5 stars,"The moment you use iPhone 6s, you know you've never felt anything like it. With just a single press, 3D Touch lets you do more than ever before ..."
1,Apple iPhone 7 Plus - 32 GB - Rose Gold - Unlocked - CDMA/GSM,336.00 US$,from 10+ stores,4.5 out of 5 stars,"It features the all-new 12MP wide-angle and telephoto cameras, splash, water, and dust resistance, an A10 Fusion chip, a new Retina HD display ..."
2,"Samsung Galaxy S9+ SE, 64GB, Midnight Black",600.00 US$,Visible ,none,Introducing the all new Samsung Galaxy S9+ that features a 6.2 inch edge-to-edge Infinity display. Get audio flexibility with a headphone jack ...
3,iPhone XR - 128GB Black - Unlocked & SIM-free - Apple,799.00 US$,Apple,none,iPhone XR. Brilliant. In every way. All-new Liquid Retina display — the most advanced LCD in the industry. Even faster Face ID. The smartest ...
4,"ZTE R2, 32GB, Silver",19.00 US$,Visible ,none,"Introducing the brand new Visible R2a, designed by ZTE exclusively for Visible customers. Get the best of Android on a bright 5.45"" HD+ seamless ..."
5,Samsung Galaxy Note10+ - 256 GB - Aura Glow Unlocked,0.00 US$,from 4 shops,none,"Carry your small business, big ideas and task lists with you everywhere on Note10+, the most expansive Note ever. Packed with processing power ..."
6,"Google Pixel 3, Clearly White - Sprint",799.00 US$,Sprint,4.4 out of 5 stars,"Hey Google, what's new with Pixel? Capture the perfect shot every time, get things done with the Google Assistant(1), enjoy an all-day battery(2 ..."
7,Samsung Galaxy Note10 - 256 GB - Aura White - Unlocked,949.99 US$,from 3 shops,none,"Packed with power - Note10 gives you the power of S Pen and ultimate productivity in a compact form at an all new 6.3"" Infinity Display."
8,Motorola Moto Z4 - 128 GB - Flash Gray - Verizon - CDMA/GSM,499.99 US$,from 5+ stores,4.3 out of 5 stars,Say hello to the moto z4 packed with incredible features. Shoot epic photos with a 48 MP camera sensor. Get lost in a massive OLED display with ...
9,Samsung Galaxy J3 (2018) - 16 GB - Black - Unlocked - GSM,100.00 US$,from 3 shops,3.4 out of 5 stars,An easy-to-use Galaxy smartphone designed for your lifestyle. Shoot and share on a simple camera with plenty of storage to keep your photos. With ...
10,Apple iPhone XR - 128 GB - Black - Verizon,0.00 US$,from 5+ stores,4.6 out of 5 stars,An advanced LCD. Even faster Face ID. And a breakthrough camera system. The iPhone XR is beautiful any way you look at it.
11,Samsung Galaxy S10e - 128 GB - Flamingo Pink - Unlocked - CDMA/GSM,0.00 US$,from 5+ stores,4.5 out of 5 stars,"Business keeps getting faster every day and you need to be able to work anywhere - flexibly and collaboratively. With the Galaxy S10e, you can do ..."
12,Apple iPhone 7 - 32 GB - Black - Unlocked - GSM,449.00 US$,from 10+ stores,4.5 out of 5 stars,"The iPhone 7 with significant camera improvements, a new glossy black color, better battery life, faster processors, and improved water resistance ..."
13,Apple iPhone X - 64 GB - Space Gray - AT&T - GSM,30.00 US$,from 20+ stores,4.6 out of 5 stars,"The iPhone X's display is so immersive, the device itself disappears into the experience. And so intelligent it can respond to a tap, your voice ..."
14,Apple iPhone 7 - 128 GB - Silver - Verizon - CDMA/GSM,0.00 US$,from 3 shops,4.5 out of 5 stars,"An entirely new camera system. The brightest, most colorful iPhone display ever. The fastest performance and best battery life in an iPhone. Water ..."
15,"Motorola moto g⁷ power in Marine Blue, Size: ³² GB with installment",0.00 US$,Verizon Wireless,none,Go ahead and live your life - without worrying about battery life. moto g7 power gives you up to 3 days on a single charge. And when it's time to ...
16,Google Pixel 3a - Unlocked - Just Black,399.99 US$,from 10+ stores,4.7 out of 5 stars,"Hey Google, get it done - Get more done with an extraordinary camera, fast-charging battery1, and the helpful Google Assistant built in. - Capture ..."
17,Samsung Galaxy Note8 - 64 GB - Midnight Black - U.S. Cellular ...,0.00 US$,from 4 shops,4.6 out of 5 stars,"Features a smarter S pen, our largest infinity display and our best camera yet. With galaxy Note8, you can create, share, and express your ideas ..."
18,2019 New Android Smartphone 5.0 Inch Octa Core Mtk,48.00 US$,Tophatter,none,Features: Cpu: Mtk6580 Octa Core Ram: 4 Gb Rom: 32 Gb Screen Type: 6.0 Inch / 5.0 Inch Network Mode: 2 G Gsm / 3 G Wcdma Resolution: 540 X 960 ...
19,Apple iPhone 8 - 64 GB - Space Gray - Sprint - CDMA/GSM,0.00 US$,from 25+ stores,4.6 out of 5 stars,"iPhone 8 introduces an all‐new glass design. The world's most popular camera, now even better. The smartest, most powerful chip ever in a ..."
20,2019 New Android Smartphone 5.0 Inch Octa Core Mtk,48.00 US$,Tophatter,none,Features: Cpu: Mtk6580 Octa Core Ram: 4 Gb Rom: 32 Gb Screen Type: 6.0 Inch / 5.0 Inch Network Mode: 2 G Gsm / 3 G Wcdma Resolution: 540 X 960 ...
21,Smartphone Android 8.1 4GB+64GB 6.1 Inch MTK6580 Octa Core Mobile ...,176.99 US$,overhalfsales.com,none,"Our Smartphone Up to 36-hour battery with fast charging, an edge-to-edge 6.1"" HD+ Max Vision display, a rapid-focus 12 MP camera and 64 G ROM ..."
22,4G Cell Phones Portable 5.0''Ultrathin Android 5.1 Quad-Core ...,56.99 US$,Amazon.com - Seller,none,"Package Includes -- 1x Cell Phone,1x Power Adapter,1x Data Cable,1x Screen protector,1x Phone case,1x Earphone,1x Manual. Photography --Camera ..."
23,Apple iPhone 8 - 64 GB - Space Gray - Sprint - CDMA/GSM,0.00 US$,from 25+ stores,4.6 out of 5 stars,"iPhone 8 introduces an all‐new glass design. The world's most popular camera, now even better. The smartest, most powerful chip ever in a ..."
24,Kyocera Cadence S2720 (Verizon) (Blue),0.00 US$,from 5+ stores,3.3 out of 5 stars,"Kyocera Cadence LTE is the smarter feature phone choice that does the basics right, providing you a simplified phone experience without ..."
25,"Apple iPhone 7 Plus, 32GB, Rose Gold, Pre-Owned, Boost Mobile",189.99 US$ used,Boost Mobile,none,"All-new dual 12MP cameras. The brightest, most colorful iPhone display ever. The fastest performance and best battery life in an iPhone. Water and ..."
26,"Apple iPhone 7 Plus, 32GB, Gold, Pre-Owned, Boost Mobile",189.99 US$ used,Boost Mobile,none,"All-new dual 12MP cameras. The brightest, most colorful iPhone display ever. The fastest performance and best battery life in an iPhone. Water and ..."
27,Google Pixel 3 - 64 GB - Clearly White - Unlocked,792.00 US$,from 5+ stores,4.4 out of 5 stars,Everything you wish your phone could do - there is a new way to capture your world and that is with Google's new Pixel 3 camera. Pick the perfect ...
28,"Doro 7050 - 512 MB - Black, White - Unlocked - GSM",50.00 US$,from 4 shops,4.2 out of 5 stars,The Doro 7050 flip phone offers a simple and reliable way to stay well connected. A conveniently located Assistance button lets you know quickly ...
29,"Apple iPhone 6s, 16GB, Space Gray, Pre-owned, Boost Mobile",99.99 US$ used,from 2 shops,4.5 out of 5 stars,A 4.7-inch Retina HD display with 3D Touch. 7000 series aluminum and stronger cover glass. An A9 chip with 64-bit desktop-class architecture. All ...
30,Jitterbug Flip Easy-to-Use Cell Phone - Red,99.99 US$,from 20+ stores,4 out of 5 stars,"Thoughtfully designed for no-hassle daily use, the Jitterbug Flip takes simplicity to the next level with features like: big buttons, simple “yes ..."
31,"Apple iPhone 6S Plus, 16GB, Space Gray, Pre-Owned, Boost Mobile",129.99 US$ used,Boost Mobile,none,iPhone 6s Plus features a 12MP camera with 4K video at 30 fps and optical image stabilization. A 5.5-inch Retina HD display with 3D Touch. 1 A9 ...
32,Motorola moto g6 - 32 GB - Black - Unlocked,159.99 US$,from 50+ stores,4.4 out of 5 stars,"Design matters. That's why there's the MOTO G6. Immerse yourself in photos and videos on the edge-to-edge, 5.7"" Full HD+ Max Vision display. Make ..."
33,Apple iPhone 7 - 32 GB - Black - T-Mobile - GSM,449.00 US$,from 25+ stores,4.5 out of 5 stars,"iPhone 7 dramatically improves the most important aspects of the iPhone experience. It introduces an advanced new camera system, the best ..."
34,Apple iPhone XS Max - 512 GB - Gold - Verizon,0.00 US$,from 4 shops,4.6 out of 5 stars,"iPhone XS Max delivers even faster Face ID with its smart, powerful chip and a breakthrough dual-camera system. iPhone XS is everything you love ..."
35,"Samsung Galaxy S8 64GB (Unlocked) Certified Pre-Owned, Midnight ...",0.00 US$ refurbished,Samsung,none,Galaxy S8 64GB (Unlocked) Certified Pre-Owned Color: Midnight Black. Screen Technology: dual edge SuperAMOLED . Screen resolution: 2960 x 1440 ...
36,Apple iPhone XR - 256 GB - PRODUCT(RED) - Verizon,0.00 US$,from 5+ stores,4.6 out of 5 stars,An advanced LCD. Even faster Face ID. And a breakthrough camera system. The iPhone XR is beautiful any way you look at it.
37,Samsung Galaxy Note8 - Dual-SIM - 64 GB - Midnight Black ...,899.99 US$,from 50+ stores,4.6 out of 5 stars,Be more impactful more efficient and more secure in everything you do. Whatever work or life throws at you the Galaxy Note8 has the tools to ...
38,DOOGEE S80 Rugged Smatphone Unlocked Android 8.1 - Outdoor Walkie ...,385.99 US$,Amazon.com - Seller,none,"【Waterproof Dustproof Shockproof】S80 passed the strict IP68/IP69K/MIL-STD-810G test, not only holds ultra-wide temperature range from -30°C to 60 ..."
39,Apple iPhone 8 Plus Space Gray 64GB Empty OEM Retail Phone Box ...,369.00 US$ refurbished,from 3 shops,4.6 out of 5 stars,"This listing is for an Empty Retail Phone Box of the Apple iPhone 8 Plus Smartphone, Space Gray 64GB Version. This box has a non-removable ..."
40,"Apple iPhone 6s, 16GB, Rose Gold, Refurbished, Boost Mobile",129.99 US$ refurbished,from 2 shops,4.5 out of 5 stars,iPhone 6s features a 12MP camera with 4K video at 30 fps. A 4.7-inch Retina HD display with 3D Touch.1 A9 chip. Long battery life.2 Comes with iOS ...
41,Samsung Galaxy Note9 - 128 GB - Midnight Black - Unlocked - CDMA/GSM,999.99 US$,from 25+ stores,4.8 out of 5 stars,"Galaxy Note has always put powerful technology in the hands of those who demand more. Now, the Galaxy Note9 surpasses even these high expectations ..."
42,Spectralink Versity 9540 - 64 GB - Unlocked - GSM,"1,064.80 US$",from 5+ stores,none,Spectralink Versity measures up to your toughest enterprise requirements without compromising style - flexibility or performance.
43,Samsung Galaxy S9 Black,50.00 US$,from 10+ stores,4.1 out of 5 stars,"Samsung breaks new ground in Android smartphone innovation with its latest flagship device, the Galaxy S9, creating one of the most versatile ..."
44,"Apple iPhone 8 Plus 64GB Pre-owned, Space Gray - Sprint",449.99 US$ used,Sprint,4 out of 5 stars,Save BIG on iPhone 8 Plus with Sprint Flex and eligible trade-in. Designed with the most durable glass ever in a smartphone and a stronger ...
45,Motorola Moto G7 Play - 32 GB - Deep Indigo - Unlocked - CDMA/GSM,179.99 US$,from 25+ stores,4.3 out of 5 stars,Don't let the small size fool you. The G7 Play is a performance powerhouse that leaves lag time behind. Stream content and use your favorite apps ...
46,Apple iPhone XS - 512 GB - Silver - Sprint,56.99 US$,from 4 shops,4.6 out of 5 stars,A Super Retina OLED display. Even faster Face ID. And a breakthrough dual-camera system. The iPhone XS is everything you love about iPhone. Taken ...
47,"Samsung Galaxy A50 in black, Size: 64 GB with installment",0.00 US$,Verizon Wireless,none,Spend less time plugged in with this Samsung Galaxy A50 smartphone. The 6.4-inch Super AMOLED screen delivers stunning detail without glare from ...
48,Apple iPhone 7 - 32 GB - Black - Simple Mobile - CDMA/GSM,299.99 US$,from 2 shops,4.6 out of 5 stars,iPhone 7 dramatically improves the important aspects of the iPhone experience. It features advanced camera systems. Immersive stereo speakers. The ...
49,Rokit IO Pro 3D - Unlocked - 4G LTE Android 64GB,299.99 US$,from 5+ stores,4.9 out of 5 stars,"The ROKiT iO Pro 3D is an unlocked 3D smartphone with a 5.99"" HD+ touchscreen display with glasses-free 3D capability so you can watch 3D content ..."
50,Apple iPhone 5c - 16 GB - Green - Unlocked - GSM,69.00 US$ refurbished,Smarter,4.1 out of 5 stars,"Stay connected wherever you go with this pre-owned Apple iPhone 5C. It's powered by a 1.3GHz dual-core processor, which delivers fast speeds and ..."
51,Smartphone Android 8.1 4GB+64GB 6.1 Inch MTK6580 Octa Core Mobile ...,176.99 US$,overhalfsales.com,none,"Our Smartphone Up to 36-hour battery with fast charging, an edge-to-edge 6.1"" HD+ Max Vision display, a rapid-focus 12 MP camera and 64 G ROM ..."
52,"LG V50 ThinQ 5G in New Aurora Black, Size: 128 GB with installment",0.00 US$,Verizon Wireless,none,A mobile revolution is here - and the LG V50 ThinQ 5G is helping lead the charge. Experience 5G Ultra Wideband1 connectivity on a sleek device ...
53,Motorola Moto G7 - 64 GB - Ceramic Black - Unlocked - CDMA/GSM,269.99 US$,from 25+ stores,4.4 out of 5 stars,Take fantastic photos with this unlocked Motorola Moto G7 smartphone. The 12.0-megapixel dual-lens camera with high-resolution zoom lets you ...
54,"LG Stylo 5, White - Sprint",25.00 US$,Sprint,none,"Meet the LG Stylo 5. Form, function and fun come together in a device that fits perfectly into your life. Color: white."
55,Apple iPhone SE - 16GB - Gold - Unlocked - GSM,76.00 US$ refurbished,Smarter,4.6 out of 5 stars,"This device is in EXCELLENT cosmetic condition, it is 100% fully functional as tested by our expert technicians and passed an industry leading 65 ..."
56,Apple iPhone 8 Plus - 64 GB - Space Gray - Verizon - CDMA/GSM,0.00 US$,from 5+ stores,4.6 out of 5 stars,"iPhone 8 Plus introduces an all-new glass design. The world's most popular camera, now even better. The smartest, most powerful chip ever in a ..."
57,LG Exalt VN220 - 8 GB - Verizon - GSM,0.00 US$,from 5+ stores,3.8 out of 5 stars,"Get back to basics with this 4G LTE Verizon LG Exalt flip phone. It includes 8GB of storage to hold pictures and media files, and the Bluetooth ..."
58,Apple iPhone 6 - 64 GB - Space Gray - Unlocked - CDMA/GSM,161.99 US$ refurbished,from 10+ stores,4.5 out of 5 stars,"iPhone 6 is perfect in every way. Large, yet dramatically thin. Powerful, but remarkably power efficient. With a smooth metal surface that ..."
59,Motorola moto e⁴ - 16 GB - Licorice Black - Boost Mobile,65.98 US$,from 5+ stores,4.2 out of 5 stars,Make calls and browse the Internet with this 4G LTE smartphone for boost mobile. It has an ample 5 inch display and the 1.4 GHz Qualcomm ...
60,Apple iPhone 7 - 128 GB - Black - AT&T - GSM,22.88 US$,from 20+ stores,4.5 out of 5 stars,Apple iPhone 7 - 4G - smartphone
61,"Red Hydrogen One in Black Aluminum, Size: 128 GB with installment",0.00 US$,from 2 shops,4.3 out of 5 stars,"Take your creations to a whole new dimension with the RED HYDROGEN ONE smartphone and Verizon, the best network with the best unlimited plans for ..."
62,Samsung Galaxy J7 Perx - 16 GB - Black - UNREAL Mobile - CDMA/GSM,79.99 US$,from 2 shops,3.9 out of 5 stars,"Combine this Samsung Galaxy J7 prepaid phone with an UNREAL Mobile plan to talk, text and use data. Its 16GB storage capacity lets you save plenty ..."
63,Apple iPhone 7 - 32 GB - Black - AT&T - GSM,190.00 US$ refurbished,from 5+ stores,4.5 out of 5 stars,Craftsman Power Tool Battery Compatible with the following models: Craftsman 315.115400 Fits with compatible part number: 130279002. Battery ...
64,LG G8 ThinQ - 128 GB - Platinum Gray - Verizon - CDMA/GSM,0.00 US$,from 3 shops,4.7 out of 5 stars,"The LG G8 ThinQ is crafted with smooth, contoured glass for a gorgeous, uncompromising streamlined design. Featuring edge-to-edge 6.1"" OLED ..."
65,Samsung Galaxy S10+ - 128 GB - Flamingo Pink - Verizon,0.00 US$,from 5+ stores,4.6 out of 5 stars,"The Samsung Galaxy S10+ is a phone that's as powerful, intelligent and intuitive as you are. Do more of what you love with an all-day intelligent ..."
66,"Sonim XP5s in black and gray, Size: 16 GB, Black/Gray with installment",0.00 US$,Verizon Wireless,none,"Ultra-rugged, ultra-smart and built to endure the most hazardous environments. The Sonim XP5s features intuitive controls perfect for gloved ..."
67,Samsung Galaxy J3 (2018) - 16 GB - Silver - AT&T - GSM,1.50 US$,from 5+ stores,3.4 out of 5 stars,Samsung Galaxy J3 is an easy-to-use smartphone designed for your lifestyle. Shoot and share on a simple camera with plenty of storage to keep your ...
68,Samsung Galaxy S10 5G - 256 GB - Crown Silver - Verizon - CDMA/GSM,0.00 US$,from 4 shops,4.6 out of 5 stars,"Stream your favorite movies, shows and games with faster speeds than 4G. Load a flight's worth of movies or a year of photos HyperFast with 5G ..."
69,Kyocera DuraXV LTE E4610 (4G LTE) Verizon Wireless,0.00 US$,from 4 shops,4.1 out of 5 stars,"Get crisp, high-quality sound with HD voice. A large, tactile keypad and buttons make it easy to take phone calls and navigate your screen. Snap ..."
70,Samsung Galaxy M30 M305M Dual-SIM 64GB Smartphone (Unlocked ...,244.00 US$,from 5+ stores,4.4 out of 5 stars,The Samsung Galaxy M30 introduces you to sharper contrast and exceptional dynamic color for an immersive viewing experience. Capture the world ...
71,Samsung Galaxy S10 - 128 GB - Prism Black - Sprint,899.99 US$,from 10+ stores,4.6 out of 5 stars,"More screen and more power. Samsung Galaxy S10's premium performance utilizes a pro-grade camera with optical zoom for effortless capture, and ..."
72,Kyocera DuraForce Pro 2 - 64 GB - Black - Unlocked - CDMA/GSM,0.00 US$,from 4 shops,3.4 out of 5 stars,The profoundly durable and virtually unstoppable DuraForce PRO 2 - an ultimate all-in-one rugged Android smartphone for tough jobs.
73,Samsung Galaxy S9+ - 64 GB - Coral Blue - AT&T,18.30 US$,from 20+ stores,4.7 out of 5 stars,"Up your camera game. Take photos like a pro day or night, personalize emojis, shoot 4K video, and watch Direct TV on the Infinity Display with ..."
74,Samsung Galaxy Note9 - 128 GB - Midnight Black - Unlocked - CDMA/GSM,"1,070.54 US$",from 25+ stores,4.8 out of 5 stars,"Galaxy Note has always put powerful technology in the hands of those who demand more. Now, the Galaxy Note9 surpasses even these high expectations ..."
75,Total Wireless - Apple iPhone XR - Blue,749.99 US$,Best Buy,none,"Communicate effectively with this iPhone XR smartphone. An A10 Bionic chip ensures fast completion of processes, while the 64GB memory provides ..."
76,LG Premier Pro 4G LTE - 16 GB - Black - Simple Mobile - CDMA/GSM,49.94 US$,from 10+ stores,3.5 out of 5 stars,To the value-seekers and great-deal getters. You're on the market for a smartphone that accomplishes the essentials—nothing too ‘extra' yet one ...
77,Samsung GT-S3600 GSM Unlocked Flip Cell Phone (silver),79.59 US$,Cell2Get.com,none,Samsung GT-S3600 GSM Unlocked Flip Cell Phone (silver)
78,Alcatel Verso - 16 GB - Black - Cricket Wireless - GSM,39.99 US$,from 10+ stores,3.9 out of 5 stars,"With 4G LTE speed and a powerful processor, the Alcatel VERSO is what you need to keep up with your busy, on-the-go lifestyle. The large 5 ..."
79,"Apple iPhone 7 (32GB, Black)",207.00 US$ refurbished,from 2 shops,4.5 out of 5 stars,Trademark iPhone beauty and performance. A10 Fusion chip – 40% faster than last year’s A9 processor iOS 10 Longer battery life Water-resistant ...
80,"Eachbid The Smallest Smartphone in the World, ANDROID UNLOCKED 2.4 ...",54.99 US$,YearlyShop,none,"UNLOCKED.NO CONTRACT.DUAL SIM.READY FOR USE. This new 2.4"" 2G Smartphone / ( SMALLEST PHONE IN THE WORLD.A SMALL-sized 2.4"" LCD display and a 600 ..."
81,"Simple Mobile Apple iPhone SE 32gb 4G LTE Prepaid, Silver (Limit 2 ...",139.99 US$,Walmart,none,Get a New Phone with No Contract! No one likes to sign a contract when getting a new phone. Now you dont have to. Simple Mobile plans give you 4G ...
82,Smartphone P37 6.5 InchWater Drop Screen Full Screen Ultra-thin ...,94.00 US$,Wish,none,Package contents: 1 x Smartphone 1 x Charger 1 x USB 1 x Mobile phone case 1 x User Manual 1 x Earphone Product Details Product Key Features: CPU ...
83,Motorola Moto Z3 - 64 GB - Ceramic Black - Verizon - CDMA/GSM,480.00 US$,from 10+ stores,3.3 out of 5 stars,Say hello to the future with this Motorola Z3 smartphone from Verizon Wireless. The powerful Qualcomm Snapdragon processor and 4GB of RAM provide ...
84,"LG LGUS997U.AUSABK G6+ LTE Cellular Unlocked 5.7"" Screen 32GB ...",189.00 US$ refurbished,vipoutlet.com,none,"5.7"" QHD Plus FullVision display with 18:9 aspect ratio Hi-Fi Quad DAC and QuadPlay Headphones (included in the box) provide next-level audio with ..."
85,Samsung Galaxy J3 (2018) - 16 GB - Silver - AT&T - GSM,1.50 US$,from 5+ stores,3.4 out of 5 stars,Samsung Galaxy J3 is an easy-to-use smartphone designed for your lifestyle. Shoot and share on a simple camera with plenty of storage to keep your ...
86,Fashion Durable Mini Mobile Phone Smart Business BT Earphone GSM ...,19.00 US$,Wish,none,"Türkiye'ye bu ürünü gemi yok. Due to logistics restrictions,we do not ship this product to Turkey.Sorry for any inconvenience. This mini-sized BT ..."
87,Kyocera DuraXV LTE E4610 (4G LTE) Verizon Wireless,0.00 US$,from 4 shops,4.1 out of 5 stars,"Get crisp, high-quality sound with HD voice. A large, tactile keypad and buttons make it easy to take phone calls and navigate your screen. Snap ..."
88,Smartphone Unlocked Cell Phones 5.8 inch Dual HD Camera Smartphone ...,88.99 US$,Amazon.com - Seller,none,"【Package Includes】SmartphoneX1,User manualX1,Phone caseX1,Charger*1,Earphone(3.5mm)X1,BatteryX1,USB lineX1 【Ultra-long Standby Time】Battery: Real ..."
89,Samsung Galaxy J7 Crown - 16 GB - Black - Total Wireless - CDMA/GSM,89.99 US$,from 10+ stores,3.9 out of 5 stars,With a 13MP camera that captures incredible photos in low light and 5.5 inch HD screen to keep you entertained all day. Step up to a beautiful ...
90,Samsung GT-S3600 GSM Unlocked Flip Cell Phone (silver),79.59 US$,Cell2Get.com,none,Samsung GT-S3600 GSM Unlocked Flip Cell Phone (silver)
91,LG Premier Pro 4G LTE - 16 GB - Black - Simple Mobile - CDMA/GSM,49.94 US$,from 10+ stores,3.5 out of 5 stars,To the value-seekers and great-deal getters. You're on the market for a smartphone that accomplishes the essentials—nothing too ‘extra' yet one ...
92,Alcatel Verso - 16 GB - Black - Cricket Wireless - GSM,39.99 US$,from 10+ stores,3.9 out of 5 stars,"With 4G LTE speed and a powerful processor, the Alcatel VERSO is what you need to keep up with your busy, on-the-go lifestyle. The large 5 ..."
93,"Google Pixel 3A, Black - Sprint",0.00 US$,Sprint,4.7 out of 5 stars,"Hey Google, get it done Get more done with an extraordinary camera, fast-charging battery(1), and the helpful Google Assistant built in. 1 ..."
94,"Apple iPhone 7 (32GB, Black)",207.00 US$ refurbished,from 2 shops,4.5 out of 5 stars,Trademark iPhone beauty and performance. A10 Fusion chip – 40% faster than last year’s A9 processor iOS 10 Longer battery life Water-resistant ...
95,Nokia 7.1 - 64 GB - Unlocked - GSM,0.00 US$,from 10+ stores,4.3 out of 5 stars,"Nokia 7.1 is all about capturing photos that look so good, you just have to share them. The dual rear cameras with ZEISS optics deliver stunning ..."
96,"Easyfone Prime A1 3G Unlocked Senior Flip Cell Phone, Big Button ...",64.99 US$,from 4 shops,5 out of 5 stars,Special SOS button with ICE Manual; M1 and M2 Dedicated Direct dial keys and # Key 2-9 eight numbers can be set as Speed dial button. The model ...
97,Jitterbug A622LJBS1 - 8 GB - Black - CDMA,65.00 US$,from 10+ stores,3.5 out of 5 stars,"With a modern look, it is designed with Greatcall's signature simplicity. While most smartphones are complicated with tiny icons and multiple ..."
98,"HTC 5G Hub, Charcoal Grey - Sprint",600.00 US$,Sprint,5 out of 5 stars,"Enable content sharing, entertainment, gaming and more with this first-of its-kind media center and 5G mobile hotspot. (Body Legal: 5G coverage ..."
99,"Walmart Family Mobile LG Rebel 4 Prepaid Smartphone, Black",39.99 US$,from 4 shops,4 out of 5 stars,"Dare to be Exceptional. It has all the premium features without the premium price tag in a device that is smart, sleek and beautiful. Who wouldve ..."
100,Alcatel Verso - 16 GB - Black - Cricket Wireless - GSM,39.99 US$,from 10+ stores,3.9 out of 5 stars,"With 4G LTE speed and a powerful processor, the Alcatel VERSO is what you need to keep up with your busy, on-the-go lifestyle. The large 5 ..."
101,LG Rebel 4 Simple Mobile Prepaid Cell Phone,39.88 US$,from 10+ stores,4 out of 5 stars,AT&T Prepaid - LG Rebel 4G LTE Brand New The LG Rebel 4G LTE is an easy-to-use smart phone with 1.1 GHz Quad core processor powered by Android 5.1 ...
102,"Easyfone Prime A1 3G Unlocked Senior Flip Cell Phone, Big Button ...",64.99 US$,from 4 shops,5 out of 5 stars,Special SOS button with ICE Manual; M1 and M2 Dedicated Direct dial keys and # Key 2-9 eight numbers can be set as Speed dial button. The model ...
103,Samsung Sky Pro - Family Mobile,129.74 US$,from 5+ stores,4.1 out of 5 stars,"Get the big picture. Take it all in on the large 5.5"" HD display. Videos, text, and photos pop on the vibrant screen. Snap and share. With an 8MP ..."
104,Tracfone LG 440G Flip Mobile Phone - Black,89.99 US$,from 2 shops,3.7 out of 5 stars,
105,Samsung Galaxy Proclaim S720c Android Prepaid Phone Net10,54.59 US$,Walmart - VIPOUTLET,none,
106,Samsung Galaxy Note9 - 128GB - Midnight Black - AT&T,714.97 US$,from 5+ stores,4.8 out of 5 stars,"Galaxy Note has always put powerful technology in the hands of those who demand more. Now, the Galaxy Note9 surpasses even these high expectations ..."
107,LG Tribute Empire - 16 GB - White - Virgin Mobile - CDMA/GSM,49.00 US$,from 5+ stores,3.3 out of 5 stars,"The LG Tribute Empire delivers what you need, anywhere you go. It features a 8MP camera to capture all of life's important moments, and a vibrant ..."
108,Refurbished Samsung Galaxy S8/S8 Plus 64GB 4G LTE Smartphone GSM ...,269.99 US$ refurbished,Groupon.com,none,Capacity: 64GB Carrier: GSM Unlocked Display Technology: LED-lit Size: 64Gb. Color: Multicolor. Gender: Unisex. Age Group: Adult.
109,ZTE Zinger Z667T 4GB Network Black T-Mobile Unlocked Smartphone,31.12 US$,from 10+ stores,4 out of 5 stars,"Introducing the zte zinger, your next compact, light and elegantly designed smartphone. Featuring a vibrant 3.5 inch touch screen and android 4.4 ..."
110,Smove Mobile best phone stabilizer smartphone/gopro stabilizer,159.00 US$,smovemobile.com/smbl,none,best phone stabilizer smartphone/gopro stabilizer
111,"Cat S48c, Black - Sprint",0.00 US$,from 2 shops,4.1 out of 5 stars,"Whether it’s on the job or enjoying the outdoors, this phone is built with the same durability you would expect from Cat equipment. It’s drop ..."
112,Apple iPhone 6s 128GB Unlocked GSM 4G LTE 12MP Cell Phone - Space Gray,149.99 US$ refurbished,from 2 shops,4.5 out of 5 stars,
113,Fashion 2019 Gift Phone 6.1 Inch 18:9 Lcd Screen M,123.00 US$,Tophatter,none,Product Details Product Key Features: Cpu: Mtk6592 Octa Core System: Android 8.1 Rom: 64 Gb Ram: 4 Gb Screen Type: 6.1 Inch Touch Screen: Support ...
114,"Samsung Galaxy A10E, 32GB, Gray, Boost Mobile",99.99 US$,from 2 shops,4.5 out of 5 stars,"Do more with a long-lasting battery, keep all of your stuff with a 32GB built-in memory, and experience it on a 5.83"" edge-to-edge Infinity ..."
115,"refurbished Apple iPhone 7 128GB, Jet Black - Locked Sprint",237.00 US$ refurbished,from 4 shops,none,*This item is REFURBISHED. iPhone 7 features an all-new 12MP camera with an /1.8 aperture for great low-light photos and 4K video. Optical image ...
116,"Walmart Family Mobile Alcatel MyFlip Prepaid Phone, Black",21.60 US$,Walmart,none,"It delivers the essential features to be productive - including access to email, calendar and web at 4G speeds - in a durable compact flip phone ..."
117,Nokia 8800 Cell Phone GSM Unlocked (GOLD),245.69 US$,Cell2Get.com,none,Nokia 8800 Cell Phone GSM Unlocked (GOLD)
118,Apple iPhone 6S - 32 GB - Gray - Boost Mobile - CDMA/GSM,199.00 US$,from 10+ stores,4.2 out of 5 stars,"The moment you use iPhone 6s, you know you've never felt anything like it. With a single press, 3D Touch lets you do more than ever before. Live ..."
119,Alcatel Go Flip 4044W Camera Flip Phone T-Mobile GSM 4G LTE WiFi,69.99 US$,from 5+ stores,4.1 out of 5 stars,Alcatel GO FLIP Cell PhoneT-MobileNew - without SIM cardDark blue colorPurchased new from T-Mobile - never used this phone.
120,L8star Mini Small Mobile Cell Phone BM70 GSM Bluetooth Dialer ...,19.99 US$,from 2 shops,none,【Mini Bluetooth Phone】It can be used as a hands-free Bluetooth earphone to receive phone calling and listen music. Bluetooth pairing passcode is ...
121,"Cricket Wireless LG Risio 3 16GB Prepaid Smartphone Blue, Size: Large",69.99 US$,from 10+ stores,4.2 out of 5 stars,"With a crisp 5"" HD display, quad-core processing power, and up to 16 GB of internal memory, the LG Risio 3 offers the perfect combination of ..."
122,"Blu R2 Plus 2019-6.2” HD+ Display Smartphone, 16GB+2GB Ram –Silver",108.79 US$,from 4 shops,none,"R2 Plus 2019 combines beautiful form factor, along with precise engineer to produce a premium smartphone like No other. Promoting a gorgeous ..."
123,"Samsung Galaxy S8, 64GB, Gray, Refurbished, Boost Mobile",179.99 US$ used,Boost Mobile,none,Erase boundaries with the Samsung Galaxy S8. The world’s first Infinity Screen offers an expansive experience designed to fit comfortably in your ...
124,LG 500 GSM UNLOCKED Phone,97.99 US$,Cell2Get.com,none,LG 500 GSM UNLOCKED Phone
125,"Unlocked Cell Phone, Blackview BV6000S Rugged Smartphone 4G Android 7.",159.99 US$,from 5+ stores,4.3 out of 5 stars,"It has dual SIM card, dual standby, one talk. Corning gorilla glass 3 makes the device slightly more resilient in the event of a fall too, through ..."
126,Samsung S5830L Galaxy Ace - Unlocked Phone - Black: Cell Phones,110.69 US$,Cell2Get.com,none,"The Samsung Galaxy Ace takes a minimal approach in its design, resulting in a sophisticated mobile that will allure. The smooth rounded edges and ..."
127,Nokia 2320 Prepaid Cell Phone - Black - At&t,116.54 US$,from 4 shops,4.7 out of 5 stars,
128,LG B470 Mobile Phone - 256 MB - Black - AT&T,75.54 US$,from 5+ stores,4.1 out of 5 stars,"A flip phone crafted for your convenience, delivering functionality and accessibility with dedicated quick access function buttons, enhanced audio ..."
129,LG - K40 with 16GB Memory Cell Phone (Unlocked),144.89 US$,from 4 shops,4.6 out of 5 stars,"Chat with friends and play games on this unlocked LG K40 smartphone. The octa-core processor supports smooth multitasking, while the 5.7"" HD+ ..."
130,"Coolpad Legacy, 32GB Medieval Gray, Boost Mobile",99.99 US$,Boost Mobile,none,"The Coolpad Legacy features an immersive 6.36” FHD+ display and the latest Android 9 Pie OS, packed into an impressive premium design. Stream ..."
131,Smove Mobile best phone stabilizer smartphone/gopro stabilizer,159.00 US$,smovemobile.com/smbl,none,best phone stabilizer smartphone/gopro stabilizer
132,Apple iPhone SE - 128 GB - Rose Gold - Unlocked - CDMA/GSM,389.99 US$,from 5+ stores,4.6 out of 5 stars,"iPhone SE takes an incredibly popular design and refines it even further. Crafted from bead-blasted aluminum for a satin-like finish, this light ..."
133,"Wiko Ride, 16GB, Black, Boost Mobile",39.99 US$,from 2 shops,3.3 out of 5 stars,"Simplify your life at an affordable price with the Wiko Ride . A vibrant 5.45” touchscreen display, Android 9.0 Pie, 5MP front and 2MP rear-facing ..."
134,Samsung SGH T139 Flip Phone - Gray - T-Mobile - GSM,197.01 US$,from 5+ stores,4.1 out of 5 stars,"Whether you're a talker, texter or picture snapper, the affordable Samsung t139 lets you do all three in style. This attractive flip phone puts ..."
135,AT&T Prepaid Alcatel Tetra Cell Phone - 16 GB - Black,39.88 US$,from 10+ stores,4.1 out of 5 stars,"Sleek and durable Alcatel Tetra is packed with everything you need. Enjoy the benefits of Android , capture memories with the 5MP camera, store ..."
136,"Coolpad Snap, Black - Sprint",59.99 US$,from 3 shops,2 out of 5 stars,"Coolpad SNAP delivers a simple, easy-to-use communication experience. Enjoy voice and text messaging and 4G LTE coverage, so you can stay in touch ..."
137,Apple iPhone 5c - 16 GB - Green - Unlocked - GSM,179.00 US$,from 10+ stores,4.1 out of 5 stars,A6 chip. 8MP iSight camera. 4-inch Retina display. Ultrafast LTE wireless. iPhone 5c has the things that made iPhone 5 an amazing phone and more ...
138,Huawei Honor 8x (64GB + 4GB RAM) 6.5' HD 4G LTE GSM Factory ...,189.94 US$,from 5+ stores,4.8 out of 5 stars,"LTE FDD: B1/2/3/4/5/7/28, LTE TDD: B41, UMTS: B1/2/4/5/8, GSM: B2/3/5/8. GSM 850 / 900 / 1800 / 1900 - SIM 1 & SIM 2. GSM / UMTS / LTE. Honor 8X ..."
139,"Total Wireless Alcatel TCL LX Prepaid Smartphone, Black",44.95 US$,from 20+ stores,2.5 out of 5 stars,The TCL LX gives you all the tools you need and fun features you want to help tackle your busy mobile life. An affordable smartphone that pairs ...
140,Sanyo Incognito SCP-6760 No Contract (Boost Mobile) Cell Phone,99.99 US$,from 3 shops,4.3 out of 5 stars,"The Sanyo Incognito is a messaging phone with a QWERTY keyboard, large inside display, and is designed with a disappearing display and touch ..."
141,RugGear - RG129 Cell Phone (Unlocked) - Black,49.99 US$,Best Buy,none,"Ensure you are reachable with this unlocked RugGear rugged phone. This RugGear rugged phone features a compact size for easy carrying, and the FM ..."
142,Jitterbug A622LJBS1 - 8 GB - Black - CDMA,149.99 US$,from 10+ stores,3.5 out of 5 stars,"With a modern look, it is designed with Greatcall's signature simplicity. While most smartphones are complicated with tiny icons and multiple ..."
143,t-mobile htc g1 android smartphone phone black,44.99 US$,OfferMaker,none,The long-awaited T-Mobile G1 smartphone combines full touchscreen functionality and a QWERTY keyboard with a mobile Web experience that includes ...
144,LG G6 H872 32GB T-Mobile Unlocked Android Phone - Ice Platinum,175.95 US$,from 25+ stores,4.5 out of 5 stars,"The LG G6s dual 13MP rear-facing cameras let you capture all of lifes stories and breath-taking views with clear, crisp images that see the bigger ..."
145,Samsung Convoy 4 (Verizon) SM-B690 Rugged Mobile Flip Phone - Blue ...,115.59 US$,from 3 shops,4.5 out of 5 stars,"The Samsung Convoy 4 is similar in design to its predecessor, except for the added water-resistance. This feature flip-phone includes features ..."
146,"Sony Xperia 10 I3123 64GB Smartphone (Unlocked, Silver)",0.00 US$,from 10+ stores,3.9 out of 5 stars,The Sony Xperia 10 I4193 Dual is a good Android phone with 2.2Ghz Octa-Core processor that allows run games and heavy applications. An advantage ...
147,"Wiko Ride, 16GB, Black, Boost Mobile",39.99 US$,from 2 shops,3.3 out of 5 stars,"Simplify your life at an affordable price with the Wiko Ride . A vibrant 5.45” touchscreen display, Android 9.0 Pie, 5MP front and 2MP rear-facing ..."
148,Ulefone Armor 3 - Outdoor Smartphones 5.7 FHD inch 4G Smartphone ...,353.89 US$,from 2 shops,none,"Ulefone Armor 3 smartphone Certified to highest IP68/IP69K rating, it can handle 2 hours of immersion in 2 meters of water or 24 hours of ..."
149,Samsung Galaxy S9 64GB Coral Blue Touchscreen Glitch SM-G960UZBAATT,330.00 US$ refurbished,from 3 shops,4.6 out of 5 stars,"The smartphone has 5.8-inch, 2960 x 1440 (Quad Hd+) resolution, curved super Amoled touchscreen display which features advanced Local Contrast ..."
150,LG Stylo 4 - 32 GB - Black - Sprint - CDMA/GSM,181.89 US$,from 25+ stores,4.1 out of 5 stars,Stay mobile and productive with this LG Stylo 4 smartphone. It provides quick access to the memo pad and your favorite app shortcuts when the ...
151,Samsung Galaxy S8 Active - 64 GB - Meteor Gray - Sprint - CDMA/GSM,850.00 US$,from 10+ stores,4.1 out of 5 stars,The shatter-resistant Super AMOLED display is engineered for ultimate protection. Watch the latest blockbuster releases on a screen that delivers ...
152,Apple iPhone SE - 128 GB - Rose Gold - Unlocked - CDMA/GSM,389.99 US$,from 5+ stores,4.6 out of 5 stars,"iPhone SE takes an incredibly popular design and refines it even further. Crafted from bead-blasted aluminum for a satin-like finish, this light ..."
153,Tracfone LG 440G Flip Mobile Phone - Black,89.99 US$,from 2 shops,3.7 out of 5 stars,
154,ZTE Zinger Z667T 4GB Network Black T-Mobile Unlocked Smartphone,31.12 US$,from 10+ stores,4 out of 5 stars,"Introducing the zte zinger, your next compact, light and elegantly designed smartphone. Featuring a vibrant 3.5 inch touch screen and android 4.4 ..."
155,Asus ZenFone 5 V A006 V520kl 32gb Black Verizon Unlocked ...,89.99 US$,Walmart - Electronics Plus,none,What's included:ASUS ZenFone V Unlocked Smartphone
156,"P30 Pro 6gb+128gb Mobile Phone Mtk6763 10 Core 6.3"" Screen 4800mah",187.06 US$,eBay - happyeasybuy2017,none,"Store category Sign Up Now ! You may also like P30 Pro 6GB+128GB Mobile Phone MTK6763 10 Core 6.3"" Screen 4800mAh Mobile phone Product Description ..."
157,Samsung Galaxy J7 Perx - 16 GB - Black - UNREAL Mobile - CDMA/GSM,79.99 US$,from 2 shops,3.9 out of 5 stars,"Combine this Samsung Galaxy J7 prepaid phone with an UNREAL Mobile plan to talk, text and use data. Its 16GB storage capacity lets you save plenty ..."
158,LG V30 H931 64GB Smartphone Unlocked (Silver),275.99 US$,from 10+ stores,4.6 out of 5 stars,"Experience crystal clear sound with the Quad DAC audio of this silver LG smartphone. It's IP68 water-resistant, so it's ready for outdoor ..."
159,LG K30,182.27 US$,from 10+ stores,3.8 out of 5 stars,"Device is UNLOCKED to work with most GSM carriers such as AT&T, T-mobile, Cricket, MetroPCS. Excellent functionality and Ready to Reuse. No ..."
160,Nokia 510 Lumia GSM Unlocked Cell Phone,135.99 US$,from 3 shops,none,2G Network GSM 850 900 1800 1900 3G Network HSDPA 850 900 1900 2
161,"LG Stylo 5, 32GB, Silvery White, Boost Mobile",207.89 US$,from 3 shops,3.5 out of 5 stars,"Introducing the LG StyloTM 5 for big ideas and imaginations. A premium-quality phone that provides all the tools you need to be productive, get ..."
162,Samsung Galaxy S10+ - 128 GB - Prism White - Sprint,0.00 US$,from 5+ stores,4.6 out of 5 stars,"The powerhouse. A totally reimagined interface and heightened intelligence. More immersion, more sophistication and more endurance make Samsung ..."
163,Lg Rebel 4 Cell Phone Lml212vl,60.00 US$ used,eBay,none,LG Rebel 4 Cell Phone LML212VL. Condition is Used. Shipped with USPS First Class Package.
164,iPhone 7 256GB Silver - Verizon,431.99 US$ refurbished,Back Market,none,iPhone 7 features an all-new 12 MP camera with an f/1.8 aperture for great low-light photos and 4K video. Optical image stabilization. A 4.7-inch ...
165,Apple iPhone 6 - 64 GB - Gold - Unlocked - CDMA/GSM,199.99 US$,from 20+ stores,4.5 out of 5 stars,Technology: 4G LTE. Built-in Storage: 64 GB. Operating System: iOS 8. Part Number: MG4J2LL/A. Form Factor: Smart Phones. SIM Card Type: Nano SIM ...
166,Recertified - LG G6 VS988 (Verizon) -32GB- Quad Core 4G LTE ...,139.99 US$ refurbished,Newegg.com - Cheetah sales group,none,"Compatible Carrier & Service: Verizon NetworkForm Factor: Smart PhonesTouch Screen: YesMain Display Size: 5.7""Rear Camera: 13MPFront-Facing Camera ..."
167,Motorola Moto E5 Play - 16 GB - Black - Boost Mobile - CDMA/GSM,59.99 US$,from 10+ stores,4.2 out of 5 stars,"Chat and text with this Boost Mobile moto e5 play smartphone. It starts with a generous 8MP camera that can take photos wherever you go, while the ..."
168,"Samsung Galaxy J3 Achieve, 16GB, Black, Boost Mobile",79.00 US$,from 10+ stores,3.7 out of 5 stars,An easy-to-use Galaxy smartphone designed for your lifestyle. Shoot and share on a simple camera with plenty of expandable storage to keep your ...
169,ASUS ZenFone 2 (ZE551ML) 4G LTE Smartphone 5.5 inch Phablet 4GB RAM 32,243.71 US$,GearBest,none,Brand:ASUS Type:4G Smartphone OS:Android 5.0 Service Provider:Unlocked SIM Card Slot:Dual SIM SIM Card Slot:Dual Standby SIM Card Type:Dual Micro ...
170,Apple iPhone - Cell Phones & Smartphones,80.00 US$ used,Mercari,none,"This unit was tested and reset. The unit is used therefore there may be some minor scuffs, scratches or other signs of use. Perfect for starter ..."
171,Galaxy S9 64GB Midnight Black (T-Mobile) Good,261.99 US$ used,ItsWorthMore,none,Buy a Certified Used Galaxy S9 64GB Midnight Black (T-Mobile) from ItsWorthMore. 90-Day Warranty. 30-Day Returns. Free 2-Day Shipping
172,Samsung Galaxy S7 edge - 32 GB - Gold Platinum - Sprint - CDMA/GSM,293.99 US$,from 10+ stores,4.6 out of 5 stars,It is the smartphone your life can’t do without. It’s big on screen and slim on profile. And with an IP68 rating that protects it from spills ...
173,Apple iPhone SE - 16 GB - Space Gray,76.00 US$ refurbished,from 3 shops,4.6 out of 5 stars,"This is the 4 inch iPhone completely revamped. The A9 chip used in the phone is the same as that in iPhone 6s. Moreover, it features a 12 ..."
174,"Motorola Moto E5 Plus, 32GB, Flash Gray, Boost Mobile",135.99 US$,from 2 shops,4.6 out of 5 stars,"Say hello to moto e5 plus. Designed to fit your hand and your life, it packs a 6"" Max Vision screen and 1.5-day battery into a slim design.1 ..."
175,"Samsung Galaxy S10+ 6.4"" Full HD+ 128GB Unlocked Android ...","1,049.99 US$",from 5+ stores,4.6 out of 5 stars,"Say goodbye to the 'notch' and hello to Infinity-O, the Samsung SM-G975UBLK S10 Unlocked Smartphone - Latin Version - features the nearly bezel ..."
176,BLU Vivo XL - 32 GB - Silver - Unlocked - GSM,144.89 US$,from 5+ stores,4.2 out of 5 stars,"Keep your contacts, music and photos in the palm of your hand with this unlocked Blue Vivo XI smartphone. A curved Corning Gorilla Glass screen ..."
177,"2019 new LEAGOO M13 Android 9.0 19:9 6.1""FHD smartphone 4GB RAM ...",102.50 US$,DHgate online store,none,System:Android Screen Size:6.1 inches Running Memory:4GB Body Memory:32GB Rear Camera Pixel:8 million Front Camera Pixel:5 million Battery ...
178,LG Tribute Empire - 16 GB - White - Boost Mobile - CDMA/GSM,49.00 US$,from 5+ stores,3.3 out of 5 stars,"The LG Tribute DYNASTY packs all the premium features into a smart, sleek and beautiful package, without the premium price tag. Offering a 5.0"" HD ..."
179,Verizon Hum (Three Pack) - New Cell Phones & Smartphones,60.00 US$,Mercari,none,This is a three pack of brand new Verizon hums. Check out the pictures.
180,Kyocera DuraXA E4510 Ultra-Rugged Flip Phone – Military Standard ...,63.87 US$,from 5+ stores,4.5 out of 5 stars,"Ultra-rugged with reinforced housing for extra durability. Encased in a rubber, non-slip Dura-Grip material for sure hold and extra durability ..."
181,Samsung Galaxy S6 G920T 32GB T-Mobile GSM Unlocked Phone w/ 16MP ...,122.39 US$,from 3 shops,5 out of 5 stars,"The Samsung Galaxy S6 is powerful to use and beautiful to behold. The slim and lightweight, all-metal body and glass design make a bold statement ..."
182,LG Flex 2 Smartphone - 16 GB - Platinum Silver,161.77 US$,from 5+ stores,3.8 out of 5 stars,LG G Flex2 H955 16GB Android with curved flexible 5.5 display titanium gray. Network Technology GSM / CDMA / HSPA / EVDO / LTE. Dimensions 149.1 x ...
183,Samsung Galaxy A10e (at&t),0.00 US$,from 3 shops,3.8 out of 5 stars,Samsung Galaxy A10e Cell Phone for AT&T: Browse the web and stay connected with this Samsung A10e smartphone. An Exynos 7884B processor and 2GB of ...
184,LG Lotus Elite LX610 Cdma Sprint (Black),135.18 US$,ElectronicsForce.com,none,LG Lotus Elite LX610 Cdma Sprint (Black)
185,S6 Keyboard IP68 Waterproof Shockproof Telefon Celular 3000mAh ...,400.20 US$,DHgate online store,none,"Operation System:No OS Cpu:Single Core Ram:32MB Rom:32MB Display Size:2.4 Display Resolution:320X240 Camera Pixels:<1.3MP Feature:Back Touch,Front ..."
186,T-Mobile Sidekick iD No Contract Cell PHONE COLOR PDA GSM,53.54 US$,ElectronicsForce.com,none,T-Mobile Sidekick iD No Contract Cell PHONE COLOR PDA GSM
187,Motorola - Moto E5 Play - Black (Consumer Cellular),79.99 US$,from 5+ stores,4.2 out of 5 stars,"Now in their fifth generation, Motorola Moto E series smartphones deliver high value and intelligent features for any type of user. The latest ..."
188,AT&T Prepaid Alcatel Tetra Cell Phone - 16 GB - Black,68.00 US$,from 10+ stores,4.1 out of 5 stars,"Sleek and durable Alcatel Tetra is packed with everything you need. Enjoy the benefits of Android , capture memories with the 5MP camera, store ..."
189,Sony Ericsson T707 Unlocked GSM Cell Phone - Pink,85.84 US$,Cell2Get.com,none,Sony Ericsson T707 Unlocked GSM Cell Phone - Pink
190,"Straight Talk Apple iPhone XR w/64GB Prepaid Smartphone, Yellow",749.99 US$,from 2 shops,3.9 out of 5 stars,NOTE: Sales of Prepaid Phones are restricted to no more than (2) devices per customer within a 21-day period (across Brands)Straight Talk Apple ...
191,"P30 Pro 6gb+128gb Mobile Phone Mtk6763 10 Core 6.3"" Screen 4800mah",187.06 US$,eBay - happyeasybuy2017,none,"Store category Sign Up Now ! You may also like P30 Pro 6GB+128GB Mobile Phone MTK6763 10 Core 6.3"" Screen 4800mAh Mobile phone Product Description ..."
192,"Wiko Ride, 16GB, Black, Boost Mobile",39.99 US$,from 2 shops,3.3 out of 5 stars,"Simplify your life at an affordable price with the Wiko Ride . A vibrant 5.45” touchscreen display, Android 9.0 Pie, 5MP front and 2MP rear-facing ..."
193,Samsung Galaxy S8+ - 64 GB - Midnight Black - Sprint - CDMA/GSM,413.63 US$,from 5+ stores,4.5 out of 5 stars,"Immerse yourself in a bigger view that still fits comfortably in your hand. This phone breaks free from the confines of bezels, offering a smooth ..."
194,"Samsung Galaxy J3 Achieve, 16GB, Black, Boost Mobile",79.00 US$,from 10+ stores,3.7 out of 5 stars,An easy-to-use Galaxy smartphone designed for your lifestyle. Shoot and share on a simple camera with plenty of expandable storage to keep your ...
195,Recertified - LG G6 VS988 (Verizon) -32GB- Quad Core 4G LTE ...,139.99 US$ refurbished,Newegg.com - Cheetah sales group,none,"Compatible Carrier & Service: Verizon NetworkForm Factor: Smart PhonesTouch Screen: YesMain Display Size: 5.7""Rear Camera: 13MPFront-Facing Camera ..."
196,"Nokia 4.2 Dual-SIM 32GB Smartphone (Unlocked, Android One, Black ...",189.99 US$,from 10+ stores,4.1 out of 5 stars,"Connect with loved ones with this 32GB Nokia 4.2 cell phone. The 5.71-inch HD display is designed to enhance the viewing experience, while 32GB of ..."
197,Nokia 7.1 4GB/64GB Dual SIM SIM FREE/ Unlocked - Steel,383.99 US$,from 5+ stores,4.3 out of 5 stars,"IPS LCD capacitive touchscreen, 5.84 inches, 1080 x 2280 pixels Android 8.1 (Oreo), planned upgrade to Android 9.0 (Pie); Android One Qualcomm ..."
198,Motorola Droid Maxx XT1080M 16GB Black Verizon,81.40 US$,from 5+ stores,none,"When technology matters, Droid Maxx by Motorola is ready for you. Its powerful battery outlasts other smartphones and keeps you connected day ..."
199,OnePlus 7 Pro - 256 GB - Nebula Blue - Unlocked - CDMA/GSM,586.00 US$,from 5+ stores,4.8 out of 5 stars,"The OnePlus 7 Pro comes as an upgraded variant of the highly acclaimed OnePlus 7 Pro. As such, it brings more than just a new Gunmetal color ..."
200,Red Hydrogen One - 128GB - Shadow Aluminum - Mobile Phone - with ...,389.99 US$ refurbished,eBay,4.3 out of 5 stars,RED HYDROGEN One puts you on a new level of immersive entertainment and digital creativity. Experience and capture holographic 4-View video and ...
201,Apple Iphone 7 Pre-owned - 32gb - Prepaid Cellphone - Carrier Locked,179.99 US$ refurbished,eBay,none,iPhone 7 features an all-new 12 MP camera with an ƒ/1.8 aperture for great low-light photos and 4K video. Optical image stabilization. A 4.7-inch ...
202,Samsung Galaxy S III 16GB (Verizon) (SCH-I535ZNBVZW),150.56 US$,from 5+ stores,4.5 out of 5 stars,"If sharing is your thing, the Samsung Galaxy S III 16Gb 4G LTE Smartphone (Amber Brown) is your phone. With S Beam, you can share large HD files ..."
203,Samsung Galaxy Note9 - 512 GB - Cloud Silver - Unlocked - CDMA/GSM,"1,299.99 US$",from 5+ stores,4.8 out of 5 stars,"Galaxy Note has always put powerful technology in the hands of those who demand more. Now, the Galaxy Note9 surpasses even these high expectations ..."
204,Samsung Galaxy S9 64GB Coral Blue Touchscreen Glitch SM-G960UZBAATT,330.00 US$ refurbished,from 3 shops,4.6 out of 5 stars,"The smartphone has 5.8-inch, 2960 x 1440 (Quad Hd+) resolution, curved super Amoled touchscreen display which features advanced Local Contrast ..."
205,Apple iPhone SE - 16 GB - Rose Gold - Unlocked - CDMA/GSM,179.99 US$,from 20+ stores,4.6 out of 5 stars,"iPhone SE takes an incredibly popular design and refines it even further. Crafted from bead-blasted aluminum for a satin-like finish, this light ..."
206,"BLU Grand XL LTE -5.5"" HD GSM Unlocked Smartphone with 13MP Main ...",97.00 US$,Base Discount,none,"The Grand XL LTE has a 13 megapixel main camera with flash and 8 megapixel front flash selfie camera. Also, 8GB of internal memory and 1GB of RAM ..."
207,Apple iPhone 6 16GB GSM Smartphone Unlocked (Space Gray),109.99 US$,from 4 shops,4.5 out of 5 stars,"The iPhone 6 isnt simply bigger - its better in every way. Larger, yet dramtically thinner. More powerful, but remarkably power efficient. With a ..."
208,Lot (quantity 13) - Tracfone Zte Blade T2 Lite 4g Lte Prepaid Cell,249.00 US$ used,eBay,none,
209,Goophone 8 plus 8+ Quad Core 5.5inch MTK6580 Android phones 1GB ...,65.32 US$,DHgate online store,none,"Operation System:Android Cpu:Quad Core Ram:1GB Rom:4GB Display Size:5.5 Display Resolution:960x540 Camera Pixels:5.0MP Feature:Front Camera,with ..."
210,Motorola FLIPOUT - Black - Unlocked - GSM,132.30 US$,from 2 shops,4.4 out of 5 stars,Accessorize your life with a smartphone that's destined to turn heads. Motorola FLIPOUT with MOTOBLUR is an innovative phone that's as unique as ...
211,LG Stylo 4+ 32 GB – Unlocked – Aurora Black (Renewed),251.99 US$,from 5+ stores,4.1 out of 5 stars,"The LG Stylo 4+ keeps you focused on value while satisfying your craving for performance and features. Enjoy the 6.2"""" FHD+ FullVision display ..."
212,LG Stylo 4 - 32 GB - Black - Sprint - CDMA/GSM,108.79 US$,from 3 shops,4.1 out of 5 stars,"*This item is REFURBISHED. Youll be able to create more, play more and live more, with the stunning new LG Stylo 4! Its bigger than life, no ..."
213,"LG G6, 32GB, Ice Platinum, Boost Mobile",243.07 US$,from 5+ stores,3.8 out of 5 stars,"The LG G6 features a gorgeous 5.7"" QHD Plus FullVision display and dual wide-angle 13MP rear cameras to help you capture life's precious moments ..."
214,Apple Iphone 7 Plus Retail Box With Charger Jet/black 3 Lot No-phone,29.99 US$ used,eBay,none,iPhone 7 Plus BOX + Accessories (no phone) lot of 3 Jet/Black Included in this package: 3 IPhone 7 Plus Box 3 USB Power Adapter 3 Lightning to USB ...
215,Samsung Galaxy Note9 - 128GB - Blue (with 24 monthly payments of $25),300.00 US$,Consumer Cellular,none,The Samsung Galaxy Note 9 is the solution for discerning users who need powerful capabilities from a smartphone. Featuring larger storage ...
216,Samsung Galaxy S9+ - 64 GB - Sunset Gold - Unlocked - CDMA/GSM,443.99 US$,from 10+ stores,4.7 out of 5 stars,"The Galaxy S9+ delivers an enhanced entertainment experience with powerful stereo speakers tuned by AKG, surround sound supported by Dolby Atmos ..."
217,Lg V30 H933 64gb Cloud Silver Gsm Unlocked Device,197.92 US$ used,eBay,none,ebay template LG V30 H933 64GB Cloud Silver! GSM Unlocked! Clean IMEI! Fixed Price! Period! Pre-owned! The device is NOT refurbished! It’s not a ...
218,LG Q710PL Boost: Moroccan Blue LG Stylo 4 Plus | Boost Mobile,245.69 US$,from 5+ stores,3.7 out of 5 stars,"The LG Stylo 4+ is a device that fits your lifestyle, no matter how big your life is. Create more. Play more. Live more. It’s more than a phone ..."
219,"Apple Iphone Se 16gb - Factory Unlocked, Usa Version",279.00 US$ used,eBay,none,This refurbished Apple iPhone is in excellent working and cosmetic condition and is ready for your immediate enjoyment. SIM card has been removed ...
220,Samsung Galaxy - New Cell Phones & Smartphones,75.00 US$,Mercari,none,Is from t mobile is brand new no scratch or nothing fully working
221,"Nuu Mobile R1 Unlocked Rugged Cell Phone - 5.0"" Android Smartphone -",139.99 US$,eBay - discountwarehouseoutlet,none,"Enjoy big discounts with our OPEN BOX items! In the unlikely event that the item is sold out or on backorder, we will contact you to see if you ..."
222,"LG Tribute Empire, White - Sprint",239.39 US$,from 2 shops,3.3 out of 5 stars,"The new LG Tribute Empire delivers what you need, anywhere you go. It features an 8MP camera to capture all of life’s important moments, and a ..."
223,Motorola 2 Verizon Droid Phones - Cell Phones & Smartphones,57.00 US$ used,Mercari,none,2 Verizon branded droid phones Can be used on Verizon page plus etc working condition
224,Walmart Family Mobile Apple iPhone 6s 32GB Prepaid Smartphone ...,149.99 US$,from 3 shops,4.5 out of 5 stars,"It offers a wide range of features. Enjoy video chatting with the 12MP camera in clear, smooth 4K video at a rate of 30 fps. There's also a 5MP ..."
225,LG Stylo 4+ 32 GB – Unlocked – Aurora Black (Renewed),251.99 US$,from 5+ stores,4.1 out of 5 stars,"The LG Stylo 4+ keeps you focused on value while satisfying your craving for performance and features. Enjoy the 6.2"""" FHD+ FullVision display ..."
226,"Snapfon ezTWO 3G Unlocked GSM Senior Cell Phone, SOS Button ...",89.99 US$,from 5+ stores,2 out of 5 stars,The Snapfon ezTWO 3G is the easiest to see - easiest to hear - and easiest to use senior cell phone.
227,Asus ZenFone 5 V A006 V520kl 32gb Black Verizon Unlocked ...,89.99 US$,Walmart - Electronics Plus,none,What's included:ASUS ZenFone V Unlocked Smartphone
228,"LG Stylo 5, 32GB, Silvery White, Boost Mobile",207.89 US$,from 3 shops,3.5 out of 5 stars,"Introducing the LG StyloTM 5 for big ideas and imaginations. A premium-quality phone that provides all the tools you need to be productive, get ..."
229,LG G3 - 32 GB - Metallic Black - Verizon - CDMA/GSM,144.89 US$,from 10+ stores,4.4 out of 5 stars,"The LG G3 makes life simple, providing technology that's smarter than ever. View incredible detail on the 5.5"" Quad HD IPS display. Capture clear ..."
230,"Motorola Moto E5 Plus, 32GB, Flash Gray, Boost Mobile",135.99 US$,from 2 shops,4.6 out of 5 stars,"Say hello to moto e5 plus. Designed to fit your hand and your life, it packs a 6"" Max Vision screen and 1.5-day battery into a slim design.1 ..."
231,"BLU Grand XL LTE -5.5"" HD GSM Unlocked Smartphone with 13MP Main ...",97.00 US$,Base Discount,none,"The Grand XL LTE has a 13 megapixel main camera with flash and 8 megapixel front flash selfie camera. Also, 8GB of internal memory and 1GB of RAM ..."
232,Cricket Wireless - Samsung Galaxy Sol 3 with 16GB Memory Prepaid ...,99.99 US$,from 10+ stores,4.3 out of 5 stars,Get what you need with this Samsung Galaxy Sol 3. The quad-core 1.4GHz processor and 2GB of RAM make it fast and responsive enough to scroll ...
233,ZTE Zmax Pro Z981 T-Mobile,135.99 US$,from 5+ stores,4.6 out of 5 stars,"For T-Mobile use ONLY, NOT UNLOCKED Brand new in sealed retail package. VERY GOOD (4/5) - Minimal signs of wear, light scuffs/scratches or housing ..."
234,OnePlus 7 Pro - Almond - 8GB Ram - 256GB Storage,999.00 US$,from 2 shops,4.8 out of 5 stars,8 GB RAM 256 GB Storage - SIM-Free Smartphone
235,LG G6 H872 32GB T-Mobile Unlocked Android Phone - Ice Platinum,245.99 US$,from 25+ stores,4.5 out of 5 stars,"The LG G6s dual 13MP rear-facing cameras let you capture all of lifes stories and breath-taking views with clear, crisp images that see the bigger ..."
236,Apple iPhone 6s Plus - 128 GB - Rose Gold - Sprint - CDMA/GSM,407.99 US$ refurbished,from 3 shops,4.6 out of 5 stars,"The moment you use iPhone 6s, you know you've never felt anything like it. With just a single press, 3D Touch lets you do more than ever before ..."
237,Nuu Mobile G3+ - 64 GB - Onyx Black - Unlocked - GSM,149.99 US$,from 2 shops,none,"The Nuu Mobile G3+ cell phone is the ideal combination of optimal battery power, beautiful design and high-quality features. Sleek glass casings ..."
238,Samsung Galaxy S8+ - 64 GB - Midnight Black - Sprint - CDMA/GSM,413.63 US$,from 5+ stores,4.5 out of 5 stars,"Immerse yourself in a bigger view that still fits comfortably in your hand. This phone breaks free from the confines of bezels, offering a smooth ..."
239,Tracfone Samsung Galaxy J3 Luna Pro 4G LTE Prepaid Smartphone,99.99 US$,from 3 shops,3.9 out of 5 stars,Android 6.0.1. Display 5.0'' HD TFT 720 x 1280. Processor 1.4 GHz Quad-Core. 5MP main camera with auto focus and flash. 2MP front-facing camera.
240,"Nuu Mobile R1 Unlocked Rugged Cell Phone - 5.0"" Android Smartphone -",139.99 US$,eBay - discountwarehouseoutlet,none,"Enjoy big discounts with our OPEN BOX items! In the unlikely event that the item is sold out or on backorder, we will contact you to see if you ..."
241,"Hot Android8.1 Unlocked 6.0"" Mobile Smartphone Quad Core 2sim 3g/gsm",55.79 US$,eBay - startbuying,none,"* Unlocked cell phones are compatible with GSM carriers, including AT&T and T-Mobile; also compatible with GSM SIM cards, including H20 and NET10 ..."
242,Original Xiaomi Mi MIX Pro 4G LTE Mobile Phone 6GB RAM 256GB ROM ...,239.74 US$,DHgate online store,none,Brands:Xiaomi System:Android Screen Size:6.4 inches Running Memory:6GB Body Memory:256GB Front Camera Pixel:5 million Rear Camera Pixel:16 million ...
243,Android 8.1 Unlocked 6 Inch Mobile Smartphone Quad Core 2sim 3g/gsm,55.37 US$,eBay - startbuying,none,"Click here choose other colors: https://www.ebay.com/itm/372603953243 * Unlocked cell phones are compatible with GSM carriers, including AT&T and ..."
244,LG Rumor 2 LX265 - Blue (Sprint) Cellular Phone * Good Condition *,68.00 US$,from 4 shops,4.3 out of 5 stars,"Phone is in overall Good Condition with some scratches on the lcd screen, front body, sides and rear body of the phone (none of the scratches are ..."
245,Samsung Galaxy S7 edge - 32 GB - Blue Coral - Boost Mobile - CDMA/GSM,293.99 US$,from 2 shops,4.6 out of 5 stars,The Galaxy S7 Edge is the smartphone your life can't do without. Big on screen and slim on profile thanks to the edge-to-edge display. An IP68 ...
246,New Unlocked Original K688+ Hellokitty Cartoon Mobile phone for ...,50.14 US$,DHgate online store,none,Operation System:No OS Cpu:Single Core Ram:128MB Rom:256MB Display Size:1.8 Display Resolution:480X320 Camera Pixels:<1.3MP Feature:Back Camera ...
247,higoo new classic old vintage retro brick cell phone mobile phone,61.95 US$,Horchow86 ,none,"Feature: Triple frequency (GSM900/ 1800/ 1900MHZ) Dual SIM, dual, ultra-long standby Big horn, voice broadcast Extra large fonts, QQ chat Support ..."
248,Android PTT rugged phone the most selling outdoor goods,134.74 US$,DHgate online store,none,"Frequency Band:400-470 Maximum Range:1.5km-3km Is_display:Yes Dimensions:4.5'' Frequency Range:400-470 Color:Black, Yellow,Android Walkie Talkie ..."
249,"Android PTT rugged phone the most selling outdoor goods,with ...",134.74 US$,DHgate online store,none,"Frequency Band:400-470 Maximum Range:1.5km-3km Is_display:Yes Dimensions:4.5'' Frequency Range:400-470 System:Android,Black, Yellow Walkie Talkie ..."
250,LG K30 X410PM - 32 GB - Black - Boost Mobile - CDMA/GSM,79.99 US$,from 5+ stores,3.1 out of 5 stars,Read real-time news updates and social media feeds with this LG K30 smartphone for Boost Mobile. Its 5.3-inch HD display enables brilliant viewing ...
251,"5.5"" Cell Phone Android Net10 At&t T-mobile Quad Core 2sim Smartphone",51.62 US$,eBay - startbuying,none,"* Unlocked cell phones are compatible with GSM carriers, including AT&T and T-Mobile; also compatible with GSM SIM cards, including H20 and NET10 ..."
252,LG Versa VX9600 - Brown (Verizon) Cellular Phone,105.61 US$,from 5+ stores,4.3 out of 5 stars,"Phone is in Fair/Good Condition with a light to moderate amount of light scratches on the lcd screen, front body, sides and rear body of the phone ..."
253,Goophone note 8 N8 6.3inch Cell phone Note8 MTK6580 Quad Core 1G ...,90.52 US$,DHgate online store,none,Operation System:Android Cpu:64-Bit Quad Core Ram:1GB Rom:8GB Display Size:6.3 Display Resolution:1280x720 Camera Pixels:8.0MP Feature:with Touch ...
254,Total Wireless Prepaid Samsung Galaxy J3 Orbit (16GB) - Black,135.99 US$,from 2 shops,4.4 out of 5 stars,INTRODUCING THE TOTAL WIRELESS GALAXY J3 ORBIT. An easy-to-use Galaxy smartphone designed for your lifestyle. Shoot and share on a simple camera ...
255,Motorola Z6C World Edition Bluetooth Cell Phone Verizon,97.48 US$,from 2 shops,none,Rare - collectible - includes charger - clean - good condition - missing the phone but includes a phone battery and everything else in the pictures
256,"Samsung Galaxy Tab S - Wi-Fi + 4G - 16 GB - Titanium Bronze - 10.5""",115.59 US$,from 10+ stores,4.4 out of 5 stars,"See your movies and games pop with vivid colors, dark shadows and stunning contrast on the Super AMOLED display. With two times the pixels of an ..."
257,Full screen Curved screen P20 Pro 3 cameras Android 8 P20pro 1GB ...,89.81 US$,DHgate online store,none,"Operation System:Android Ram:1GB Rom:4GB Display Size:5.5inch Display Resolution:1920x1080 Camera Pixels:5.0MP Feature:Front Camera,Back Camera ..."
258,Samsung Galaxy Note9 - 512 GB - Cloud Silver - Unlocked - CDMA/GSM,"1,299.99 US$",from 5+ stores,4.8 out of 5 stars,"Galaxy Note has always put powerful technology in the hands of those who demand more. Now, the Galaxy Note9 surpasses even these high expectations ..."
259,LG G6 H872 32GB T-Mobile Unlocked Android Phone - Ice Platinum,245.65 US$,from 25+ stores,4.5 out of 5 stars,"The LG G6s dual 13MP rear-facing cameras let you capture all of lifes stories and breath-taking views with clear, crisp images that see the bigger ..."
260,Lot (quantity 13) - Tracfone Zte Blade T2 Lite 4g Lte Prepaid Cell,249.00 US$ used,eBay,none,
261,Samsung Galaxy Note9 - 512GB - Midnight Black - AT&T,"1,299.99 US$",from 2 shops,4.8 out of 5 stars,Get things done with a long-lasting battery. Store more with 128GB or 512GB models. Stream and download faster with a cutting-edge modem. Put your ...
262,Motorola MB511 FlipOut gsm Un-locked (green),97.16 US$,ElectronicsForce.com,none,Motorola MB511 FlipOut gsm Un-locked (green)
263,BLU Vivo Go - 16 GB - Black - Unlocked - GSM,101.99 US$,from 5+ stores,3 out of 5 stars,BLU designed the Vivo Go to push the envelope and used an advanced finish to give users a better design. Metallic plating finish on the battery ...
264,LG Cosmos 2 - Verizon Wireless,44.99 US$,from 10+ stores,4.4 out of 5 stars,"The four line keyboard of the LG Cosmos 2 makes it easy to quickly respond to texts as well as update your Facebook, MySpace and Twitter profiles ..."
265,Cellphone Android,13.00 US$ used,eBay,none,good condition cell phone with case.
266,Samsung S10+ - 128GB - Prism Black (with 20 monthly payments of $25),300.00 US$,Consumer Cellular,none,"The next generation of Samsung Galaxy lets you do more, and do it better. With an intelligent battery that lasts all day1, an all-new camera with ..."
267,Apple Iphone 7 Pre-owned - 32gb - Prepaid Cellphone - Carrier Locked,179.99 US$ refurbished,eBay,none,iPhone 7 features an all-new 12 MP camera with an ƒ/1.8 aperture for great low-light photos and 4K video. Optical image stabilization. A 4.7-inch ...
268,LG K30 X410PM - 32 GB - Black - Boost Mobile - CDMA/GSM,79.99 US$,from 5+ stores,3.1 out of 5 stars,Read real-time news updates and social media feeds with this LG K30 smartphone for Boost Mobile. Its 5.3-inch HD display enables brilliant viewing ...
269,LG K8+ - 16 GB - Titan - U.S. Cellular - CDMA,89.99 US$,from 5+ stores,2.8 out of 5 stars,"LIVE YOUR LIFE. LOVE WHAT YOU DO. SHARE EVERY MOMENT. Now you can, because you've never had this much power and beauty at your fingertips. This is ..."
270,Apple iPhone 6 - 64 GB - Space Gray - T-Mobile - GSM,186.99 US$,from 20+ stores,4.5 out of 5 stars,"iPhone 6 isn't just bigger, it's better in every way. A smooth metal surface seamlessly meets the new Retina HD display. It features leading-edge ..."
271,Samsung Galaxy S6 Edge SM-G925 32GB Unlocked Smartphone (Black),129.99 US$,from 3 shops,4.5 out of 5 stars,"Designed for use in North and South America, the black sapphire Samsung Galaxy S6 edge SM-G928G 32GB Smartphone offers a large, vibrant display, a ..."
272,Total Wireless Prepaid Samsung Galaxy J3 Orbit (16GB) - Black,135.99 US$,from 2 shops,4.4 out of 5 stars,INTRODUCING THE TOTAL WIRELESS GALAXY J3 ORBIT. An easy-to-use Galaxy smartphone designed for your lifestyle. Shoot and share on a simple camera ...
273,Red Hydrogen One - 128GB - Shadow Aluminum - Mobile Phone - with ...,389.99 US$ refurbished,eBay,4.3 out of 5 stars,RED HYDROGEN One puts you on a new level of immersive entertainment and digital creativity. Experience and capture holographic 4-View video and ...
274,Samsung Galaxy S9 64GB Coral Blue Touchscreen Glitch SM-G960UZBAATT,299.29 US$ refurbished,from 3 shops,4.6 out of 5 stars,"The smartphone has 5.8-inch, 2960 x 1440 (Quad Hd+) resolution, curved super Amoled touchscreen display which features advanced Local Contrast ..."
275,Samsung Galaxy Note9 - 128 GB - Lavender Purple - AT&T,759.98 US$,from 20+ stores,4.8 out of 5 stars,Get things done with an all-day battery. Stream and download faster with modem technology. And take brilliant shots with scene optimizer and flaw ...
276,Samsung Galaxy S8 - 64 GB - Arctic Silver - Unlocked - GSM,341.99 US$,from 10+ stores,4.4 out of 5 stars,Put powerful performance in your pocket with the Samsung Galaxy S8 SM-G950F smartphone in arctic silver. This smartphone incorporates 64GB of ...
277,"Lumigon T3 Dual-SIM 128GB (No CDMA, GSM only) Factory Unlocked 4G ...",419.00 US$,Newegg.com - KICKmobiles,none,Operating System: Android 6.0 Marshmallow - Part Number: Lumigon T3Mobile Frequencies: GSM 850 / 900 / 1800 / 1900 MHz - Form Factor: Touch Screen ...
278,Motorola Moto E4 - 16 GB - Licorice Black - UNREAL Mobile - CDMA/GSM,86.31 US$,from 10+ stores,4.2 out of 5 stars,"The Motorola E4 4G LTE with 16Gb memory, 5-inch display and 8MB Camera for Unreal Mobile will help you get the most out of Unreal Mobiles ..."
279,Samsung Galaxy S7 SM-G930F - 32GB - Silver (Unlocked) Smartphone,190.99 US$,eBay,none,Samsung Galaxy S7 Sm-G930F Brand New - International Model The Samsung Galaxy S7 Sm-G930F is a high-end smart phone with 2.15 GHz and 1.6 GHz Quad ...
280,Samsung Galaxy S10 - Prism Blue - 128GB - T-Mobile,698.00 US$,eBay,none,The 10th generation of Samsung Galaxy lets you do more and do it better. The new Samsung Galaxy S10 has more screen with an all-new nearly bezel ...
281,OnePlus 6T - T-Mobile,424.95 US$,from 5+ stores,4.8 out of 5 stars,"The OnePlus 6T balances proven features, focusing on speed and smoothness, to set a new industry standard. It’s built for a premium experience ..."